Date,Time
11/25/2015,6:13 PM
8/5/2016,3:30 PM
8/7/2016,3:29 PM
7/7/2016,10:39 AM
12/15/2015,2:44 PM
10/3/2015,11:21 AM
5/29/2016,10:57 AM
5/5/2016,12:42 PM
3/4/2016,9:49 AM
2/2/2016,1:10 PM
3/18/2016,12:36 PM
5/14/2016,3:54 PM
4/10/2016,12:56 PM
4/21/2016,6:24 PM
3/12/2016,9:22 AM
4/26/2016,2:21 PM
8/4/2015,2:38 PM
6/27/2016,6:16 PM
3/17/2016,5:54 PM
9/15/2016,11:26 AM
7/11/2016,9:53 AM
8/29/2015,2:31 PM
5/22/2016,1:16 PM
10/24/2015,11:10 AM
8/16/2015,6:20 PM
11/8/2015,9:42 AM
8/9/2016,11:57 AM
8/2/2016,12:59 PM
3/23/2016,1:16 PM
2/18/2016,2:28 PM
12/22/2015,4:23 PM
11/29/2015,12:22 PM
12/25/2015,9:55 AM
11/20/2015,4:21 PM
9/16/2016,4:37 PM
10/29/2015,5:23 PM
3/29/2016,4:00 PM
4/2/2016,12:27 PM
12/19/2015,3:23 PM
1/7/2016,6:16 PM
6/20/2016,9:28 AM
12/28/2015,5:48 PM
4/29/2016,11:10 AM
8/1/2016,4:15 PM
11/20/2015,11:14 AM
5/26/2016,1:39 PM
11/24/2015,1:18 PM
12/27/2015,4:23 PM
4/9/2016,4:21 PM
10/25/2015,10:58 AM
12/19/2015,11:35 AM
11/18/2015,3:32 PM
1/13/2016,4:29 PM
9/15/2016,12:21 PM
12/6/2015,9:55 AM
12/6/2015,12:52 PM
9/25/2016,5:20 PM
5/11/2016,9:10 AM
12/9/2015,12:15 PM
12/31/2015,1:55 PM
5/28/2016,10:13 AM
9/12/2016,3:15 PM
8/24/2015,10:03 AM
3/28/2016,6:23 PM
11/22/2015,10:46 AM
8/14/2015,5:01 PM
9/26/2015,1:28 PM
9/12/2016,10:43 AM
4/24/2016,12:40 PM
3/8/2016,9:00 AM
2/22/2016,2:23 PM
7/18/2016,2:01 PM
11/26/2015,12:07 PM
9/27/2016,10:28 AM
8/29/2015,6:17 PM
11/25/2015,9:45 AM
4/2/2016,12:56 PM
5/20/2016,9:44 AM
3/6/2016,5:34 PM
8/15/2016,12:44 PM
3/18/2016,11:34 AM
9/5/2015,6:07 PM
1/24/2016,6:18 PM
2/4/2016,3:48 PM
1/20/2016,4:27 PM
8/5/2015,4:19 PM
8/28/2015,3:39 PM
8/24/2015,12:50 PM
8/20/2015,4:12 PM
5/23/2016,12:15 PM
6/19/2016,3:51 PM
2/13/2016,2:43 PM
11/24/2015,2:46 PM
5/3/2016,5:56 PM
9/12/2016,10:24 AM
3/24/2016,3:56 PM
4/19/2016,3:14 PM
1/31/2016,3:15 PM
3/4/2016,12:04 PM
6/7/2016,1:31 PM
